{"cameraMode":{"drawMode":0,"name":"Shaded","section":"Shading Mode"},"sceneLighting":false,"audioPlay":false,"sceneViewState":{"showFog":false,"showMaterialUpdate":false,"showSkybox":false,"showFlares":false,"showImageEffects":false,"showParticleSystems":true},"in2DMode":false,"pivot":{"x":0.6998071670532227,"y":-1.3635387420654297,"z":-1.242497444152832},"rotation":{"x":0.11542127281427384,"y":-0.7757045030593872,"z":0.14862792193889619,"w":0.6023910045623779},"size":16.77030372619629,"orthographic":false}