{"cameraMode":{"drawMode":0,"name":"Shaded","section":"Shading Mode"},"sceneLighting":true,"audioPlay":false,"sceneViewState":{"showFog":false,"showMaterialUpdate":false,"showSkybox":false,"showFlares":false,"showImageEffects":false,"showParticleSystems":true},"in2DMode":false,"pivot":{"x":115.91061401367188,"y":15.81213092803955,"z":102.1171875},"rotation":{"x":0.22157016396522523,"y":-0.19876720011234284,"z":0.0461847186088562,"w":0.9535588622093201},"size":68.39818572998047,"orthographic":false}